{"config":{"cooldown_factor":0.7},"arms":["threads:6","threads:4","threads:26","threads:30","threads:25","threads:1","threads:7","threads:27","threads:18","threads:8","threads:19","threads:29","threads:15","threads:20","threads:24","threads:12","threads:23","threads:3","threads:21","threads:31","threads:22","threads:5","threads:13","threads:16","threads:2","threads:14","threads:17","threads:11","threads:9","threads:28","threads:10"],"counts":{"threads:27":5,"threads:30":5,"threads:26":8,"threads:25":11,"threads:15":11,"threads:21":7,"threads:13":2,"threads:19":7,"threads:1":4,"threads:8":1,"threads:9":7,"threads:24":9,"threads:16":1,"threads:23":6,"threads:31":8,"threads:3":7,"threads:29":7,"threads:11":5,"threads:17":9,"threads:7":6,"threads:14":7,"threads:6":9,"threads:28":4,"threads:10":11,"threads:2":3,"threads:22":9,"threads:5":6,"threads:4":8,"threads:20":10,"threads:12":11,"threads:18":6},"values":{"threads:22":0.1429417283950618,"threads:7":0.11864092592592594,"threads:6":0.12717740740740739,"threads:2":0.07236888888888889,"threads:27":0.1554337777777778,"threads:17":0.13322703703703707,"threads:11":0.14257288888888892,"threads:12":0.13189636363636368,"threads:24":0.14773370370370374,"threads:10":0.13037343434343436,"threads:29":0.12937936507936505,"threads:3":0.08771825396825396,"threads:15":0.13250020202020203,"threads:30":0.09548533333333335,"threads:28":0.16913083333333335,"threads:8":0.12124333333333334,"threads:1":0.037103333333333338,"threads:9":0.1431098412698413,"threads:19":0.14053158730158733,"threads:14":0.1412976190476191,"threads:26":0.16871222222222227,"threads:18":0.1177825925925926,"threads:20":0.13980211111111114,"threads:21":0.14296746031746034,"threads:23":0.12320203703703704,"threads:31":0.12901666666666668,"threads:5":0.11635592592592592,"threads:13":0.13903555555555556,"threads:4":0.08767055555555556,"threads:16":0.12344333333333332,"threads:25":0.15565848484848489}}