{"config":{"cooldown_factor":0.7},"arms":["threads:30","threads:13","threads:17","threads:20","threads:4","threads:10","threads:22","threads:8","threads:18","threads:16","threads:21","threads:31","threads:5","threads:25","threads:9","threads:19","threads:7","threads:1","threads:11","threads:24","threads:28","threads:12","threads:3","threads:2","threads:14","threads:6","threads:23","threads:29","threads:15","threads:26","threads:27"],"counts":{"threads:10":23,"threads:26":15,"threads:6":20,"threads:9":25,"threads:2":13,"threads:11":12,"threads:19":20,"threads:22":23,"threads:15":20,"threads:14":20,"threads:30":7,"threads:31":20,"threads:17":17,"threads:16":13,"threads:23":15,"threads:3":17,"threads:27":14,"threads:12":19,"threads:21":14,"threads:28":15,"threads:8":11,"threads:20":20,"threads:5":15,"threads:25":19,"threads:7":14,"threads:18":13,"threads:1":8,"threads:13":9,"threads:4":17,"threads:24":27,"threads:29":14},"values":{"threads:18":0.11639410256410259,"threads:14":0.12915788888888897,"threads:22":0.13186811594202905,"threads:23":0.12978755555555558,"threads:8":0.12702373737373738,"threads:20":0.13765433333333333,"threads:30":0.10245444444444449,"threads:19":0.12734938888888892,"threads:27":0.15951920634920636,"threads:28":0.15001118518518526,"threads:24":0.13744559670781893,"threads:13":0.12137543209876546,"threads:9":0.13641564444444449,"threads:29":0.13363619047619045,"threads:4":0.08251980392156863,"threads:7":0.12308277777777785,"threads:31":0.12817438888888894,"threads:2":0.0709125641025641,"threads:10":0.12927903381642517,"threads:25":0.15573111111111113,"threads:16":0.13656957264957268,"threads:6":0.1235729444444444,"threads:3":0.08775222222222223,"threads:5":0.10898962962962969,"threads:12":0.1360229824561404,"threads:15":0.1343862222222222,"threads:17":0.13141084967320269,"threads:26":0.15704925925925934,"threads:11":0.11537064814814817,"threads:21":0.13171888888888898,"threads:1":0.03602027777777778}}