{"config":{"cooldown_factor":0.5},"arms":["threads:6","threads:10","threads:3","threads:24","threads:8","threads:12","threads:11","threads:27","threads:28","threads:31","threads:7","threads:2","threads:17","threads:13","threads:14","threads:15","threads:16","threads:19","threads:21","threads:22","threads:20","threads:29","threads:25","threads:30","threads:9","threads:26","threads:4","threads:18","threads:23","threads:1","threads:5"],"counts":{"threads:17":85,"threads:16":90,"threads:7":84,"threads:1":68,"threads:10":75,"threads:2":73,"threads:12":82,"threads:23":67,"threads:8":84,"threads:28":87,"threads:21":77,"threads:13":99,"threads:26":110,"threads:9":96,"threads:14":102,"threads:3":88,"threads:30":99,"threads:6":99,"threads:31":83,"threads:4":80,"threads:11":93,"threads:27":106,"threads:15":84,"threads:20":89,"threads:24":84,"threads:19":87,"threads:29":102,"threads:22":83,"threads:18":73,"threads:25":103,"threads:5":86},"values":{"threads:4":0.08372443055555555,"threads:16":0.12956208641975337,"threads:12":0.13046153116531199,"threads:6":0.11963426487093158,"threads:5":0.10664770025839797,"threads:14":0.13224456427015278,"threads:22":0.136115903614458,"threads:26":0.1648330101010103,"threads:10":0.13555112592592598,"threads:11":0.1419541577060935,"threads:23":0.13605834162520753,"threads:7":0.1277772751322752,"threads:1":0.03595748366013072,"threads:20":0.1380262297128592,"threads:8":0.13482219576719585,"threads:3":0.08475006313131314,"threads:31":0.13330402945113796,"threads:15":0.1335405952380954,"threads:2":0.06741031963470319,"threads:19":0.12913509578544084,"threads:27":0.16636288259958077,"threads:18":0.1260990410958905,"threads:9":0.13432741898148163,"threads:17":0.13277041830065368,"threads:13":0.13507427609427637,"threads:25":0.14807485436893215,"threads:29":0.13345761437908514,"threads:21":0.1350428860028862,"threads:28":0.1497340102171138,"threads:30":0.13380928170594848,"threads:24":0.1433231746031748}}